Game,System,
Forbidden Forest,Atari 400,
Galaxian,Atari 400,
Q'Bert,Atari 400,
Art of Fighting,SNES,
Batman Forever,SNES,
Bulls Vs Blazers *,SNES,
Drakkhen,SNES,
Donkey Kong Country 2,SNES,
Everdrive 2.3,SNES,
Final Fight,SNES,
Game Genie,SNES,
Illusion of Gaia *,SNES,
Jurassic Park,SNES,
Jurassic Park II: The Chaos Continues,SNES,
Ken Griffey MLB *,SNES,
Killer Instinct,SNES,
Lagoon,SNES,
Legend of Zelda A Link to The Past,SNES,
Mario Paint,SNES,
Mystic Quest,SNES,
Mortal Kombat ***,SNES,
Paladin's Quest,SNES,
Saturday Night SlamMasters,SNES,
Scooby Doo Mystery,SNES,
Spider ManX-Men Arcade Revenge,SNES,
The Skins Game,SNES,
Super GameBoy,SNES,
Super Mario World,SNES,
Super Mario All Stars,SNES,
Super Star Wars,SNES,
Super Empire Strikes Back,SNES,
Super Return of the Jedi ,SNES,
Street Fighter II Turbo,SNES,
Tetris 2,SNES,
Donkey Kong Country *,Super Famicom,
Donkey Kong Country III,Super Famicom,
Kid Klown,Super Famicom,
Super Mario Kart,Super Famicom,
Super Mario World 2: Yoshi's Island,Super Famicom,
Armorines: Project Swarm,Nintendo 64,
Battle Tanx,Nintendo 64,
Battle Tanx: Global Assault,Nintendo 64,
Beetle Adventure Racing,Nintendo 64,
Blast Corps,Nintendo 64,
California Speed,Nintendo 64,
Dark Rift,Nintendo 64,
Fighters Destiny,Nintendo 64,
Gauntlet Legends,Nintendo 64,
Gex64,Nintendo 64,
Goldeneye 007,Nintendo 64,
Hybrid Heaven,Nintendo 64,
Jet Force Gemini,Nintendo 64,
Off Road Challenge,Nintendo 64,
Perfect Dark,Nintendo 64,
Rayman 2,Nintendo 64,
Rugrats in Paris GRY VAR,Nintendo 64,
Starfox 64,Nintendo 64,
Star Wars Rogue Squadron,Nintendo 64,
Star Wars Shows of the Empire,Nintendo 64,
Super Smash Bros,Nintendo 64,
Turok 2,Nintendo 64,
Vigilante 8,Nintendo 64,
Vigilante 8 2nd Offense,Nintendo 64,
Wave Race 64,Nintendo 64,
WCW mahem,Nintendo 64,
WCW vs NWO: World Tour,Nintendo 64,
WCW/NWO: Revenge,Nintendo 64,
WWF War Zone,Nintendo 64,
WWF No Mercy,Nintendo 64,
Bloody Roar: Primal Fury,GameCube,
Call of Duty 2 Big Red One,GameCube,
Enter The Matrix ***,GameCube,
Evolution Worlds,GameCube,
Geist,GameCube,
Harvest Moon: Magical Melody,GameCube,
Legend of Zelda OOT & Master Quest,GameCube,
Legend of Zelda Collectors Edition,GameCube,
Luigi's Mansion,GameCube,
Mario Kart Double Dash x2,GameCube,
Medal of Honor Frontline,GameCube,
Medal of Honor European Assault,GameCube,
Mortal Kombat Deadly Alliance,GameCube,
Odama,GameCube,
Pac Man vs/Pac Man World 2,GameCube,
Resident Evil 0,GameCube,
Resident Evil,GameCube,
Resident Evil 3,GameCube,
Sonic Adventure DX,GameCube,
Sonic Mega Collection,GameCube,
Starfox Adventures,GameCube,
Star Wars Rogue Leader,GameCube,
Star Wars Rogue Strike,GameCube,
Super Mario Sunshine,GameCube,
Super Monkey Ball,GameCube,
Super Smash Brothers Melee,GameCube,
Timesplitters 2,GameCube,
Tony Hawk Pro Skater 3,GameCube,
WWE Crush Hour,GameCube,
Animal Crossing City Folk,Wii,
Brunswick Bowling,Wii,
Broken Sword Shadows of the Templars,Wii,
The Calling,Wii,
Castlevania Judgement,Wii,
Cursed Mountain,Wii,
Donkey Kong Country Returns,Wii,
Final Fantasy: They Crystal Bearers,Wii,
Legend of Zelda Twilight Princess,Wii,
Loony Tunes ACME Arsenal ,Wii,
Mad World,Wii,
Mario Kart Wii,Wii,
Mario Party 8,Wii,
Metal Slug Anthology,Wii,
Metroid Prime Trilogy,Wii,
Muramasa: The Demon Blade,Wii,
Namco Museum Megamix ,Wii,
Obscure,Wii,
Silent Hill: Shattered Memories,Wii,
Sin & Punishment Star Successor,Wii,
SNK Arcade Classics,Wii,
Super Mario Galaxy,Wii,
Super Smash Brothers Brawl,Wii,
Xenoblade Chronicles x2,Wii,
Bayonetta ,WiiU,
Captain Toad: Treasure Tracker ,WiiU,
Donkey Kong Country Tropical Freeze,WiiU,
Mario Kart 8,WiiU,
Mighty No. 9,WiiU,
Ninja Gaiden 3: Razor's Edge,WiiU,
NintendoLand,WiiU,
Starfox Zero/Guard,WiiU,
Super Mario 3D World,WiiU,
Super Mario Maker,WiiU,
Watchdogs,WiiU,
Xenoblade Chronicles X,WiiU,
ZombiU,WiiU,
Capcom Classics Mini Mix,GameBoy,
Crash Bandicoot 2 N-Tranced,GameBoy,
Crash Nitro Kart,GameBoy,
Castlevania Circle of the Moon jpn,GameBoy,
Donkey Kong Country,GameBoy,
Doctor Mario,GameBoy,
Golden Sun,GameBoy,
Harry Potter & The Chamber of Secrets,GameBoy,
Ishido: Way of The Stones,GameBoy,
Kirby's Dreamland,GameBoy,
Kirby's Dreamland 2,GameBoy,
Lunar Legend,GameBoy,
Metroid Fusion,GameBoy,
Metal Gear Solid,GameBoy,
Pokemon Blue,GameBoy,
Pokemon Yellow,GameBoy,
Pokemon Fire Red,GameBoy,
Pokemon Pinball,GameBoy,
Sonic Advance,GameBoy,
Super Mario Land 2: 6 Golden Coins,GameBoy,
Super Mario Lane 3: ,GameBoy,
Tetris,GameBoy,
Legend of Zelda Link's Awakening DX,GameBoy,
Legend of Zelda Oracle of Ages/Seasons,GameBoy,
Vigilante 8,GameBoy,
Yoshi's Island,GameBoy,
Aaahh Real Monsters,Sega Genesis,
Coach K College Basketball,Sega Genesis,
Ecco The Dolphin üê¨,Sega Genesis,
Eswat City Under Siege *,Sega Genesis,
Eternal Champions,Sega Genesis,
Genesis 6-Pak,Sega Genesis,
Golden Axe,Sega Genesis,
Madden NFL '97,Sega Genesis,
Madden '98,Sega Genesis,
Maximum Carnage,Sega Genesis,
Mega Everdrive,Sega Genesis,
Mighty Morphin Power Rangers,Sega Genesis,
Ms. PAC-Man,Sega Genesis,
NBA Jam T.E. ,Sega Genesis,
NBA Showdown '94,Sega Genesis,
PAC Man 2: The New Adventures,Sega Genesis,
Ranger X *,Sega Genesis,
Road Rash II,Sega Genesis,
Road Rash 3 *,Sega Genesis,
Shinobi 3,Sega Genesis,
Sonic the Hedgehog,Sega Genesis,
Sonic 2,Sega Genesis,
Sonic and Knuckles x2,Sega Genesis,
Super Thunder Blade,Sega Genesis,
Stimpy's Invention,Sega Genesis,
X-Men,Sega Genesis,
Air Force Delta,Dreamcast,
Alone in the Dark: The New Nightmare,Dreamcast,
Carrier,Dreamcast,
Crazy Taxi 2,Dreamcast,
Daytona USA,Dreamcast,
Demolition Racer,Dreamcast,
Dino Crisis,Dreamcast,
Evolution- The World of Sacred Device,Dreamcast,
Fighting Force 2,Dreamcast,
Jeremy McGrath Supercross 2000,Dreamcast,
Legacy of Kain: Soul Reaver,Dreamcast,
Omikron: The Nomad Soul,Dreamcast,
Phantasy Star Online v2,Dreamcast,
Power Stone,Dreamcast,
Sega Bass Fishing,Dreamcast,
Sega Smash Pack,Dreamcast,
Shenmue,Dreamcast,
Sonic Advenure,Dreamcast,
Soul Caliber,Dreamcast,
Time Stalkers,Dreamcast,
Tomb Raider: Last Revelation,Dreamcast,
Tony Hawk's Pro Skater,Dreamcast,
Unreal Tournament,Dreamcast,
Vigilante 8 2nd Offense,Dreamcast,
Virtua Fighter 3tb,Dreamcast,
Virtua Tennis,Dreamcast,
World Series Baseball 2k2,Dreamcast,
WWF Attitude,Dreamcast,
Atari Classics Evolved,PSP,
EA Replay,PSP,
DeadHeadFred,PSP,
Harvey Birdman Attorney at Law,PSP,
Kingdom of Paradise,PSP,
Patapon,PSP,
Metal Gear Solid: Portable Ops,PSP,
Splinter Cell: Essentials ,PSP,
Star Wars Battlefront: Renegade Squadron,PSP,
3Xtreme ,PlayStation,
A Collection of Activision Classic Games ,PlayStation,
Air Combat,PlayStation,
Apocalypse,PlayStation,
Army Men Sarge's Heroes,PlayStation,
Battletanx - Global Assault ***,PlayStation,
Broken Sword II: The Smoking Mirror,PlayStation,
Bushido Blade,PlayStation,
Chrono Cross,PlayStation,
Colin McRae Rally ¬•,PlayStation,
Contender 2,PlayStation,
Cyberia **,PlayStation,
Darklight Chronicles,PlayStation,
Destruction Derby **,PlayStation,
Die Hard Trilogy,PlayStation,
Dino Crisis 2,PlayStation,
Driver 2 ,PlayStation,
Echo Night ,PlayStation,
Eternal Eyes,PlayStation,
ESPN Extreme Rules,PlayStation,
Excalibur 2555 A.D.,PlayStation,
Fear Effect,PlayStation,
Final Fantasy Anthology,PlayStation,
Final Fantasy VIII,PlayStation,
Final Fantasy IX,PlayStation,
Galerians,PlayStation,
Gekioh: Shooting King,PlayStation,
GeX **,PlayStation,
Golden Nugget,PlayStation,
Grand Theft Auto 2,PlayStation,
High Heat Baseball 2001,PlayStation,
Hulk Ultimate Destruction,PlayStation,
Jet Moto 2,PlayStation,
The King of Fighters '99,PlayStation,
Medal of Honor,PlayStation,
Metal Gear Solid,PlayStation,
Metal Gear Solid VR missions,PlayStation,
MLB 2000,PlayStation,
Mortal Kombat Trilogy,PlayStation,
Moto Racer World Tour ¬•,PlayStation,
NCAA Final Four '99,PlayStation,
Oddworld Abe's Odyssey,PlayStation,
Offworld Interceptor Extreme **,PlayStation,
Overblood,PlayStation,
Resident Evil Directors Cut,PlayStation,
Road Rash 3D,PlayStation,
Ridge Racer Revolution,PlayStation,
Rogue Trip Vacation 2012,PlayStation,
Rushdown,PlayStation,
San Francisco Rush,PlayStation,
Silent Hill,PlayStation,
Skeleton Warriors,PlayStation,
Smack Down 2: Know Your Role,PlayStation,
Soul Blade,PlayStation,
Soviet Strike,PlayStation,
Spider-Man,PlayStation,
Spyro the Dragon,PlayStation,
Star Ocean The 2nd Story,PlayStation,
Star Wars Demolition,PlayStation,
Star Wars Dark Forces,PlayStation,
Star War Ep. 1 Jedi Power Battles,PlayStation,
Star Wars Ep. 1 The Phantom Menace,PlayStation,
Steel Harbinger,PlayStation,
Syphon Filter,PlayStation,
Syphon Filter 2,PlayStation,
Tekken 3,PlayStation,
Time Crisis,PlayStation,
Tomb Raider II,PlayStation,
Tony Hawk's Pro Skater ,PlayStation,
Tony Hawk's Pro Skater 2 ,PlayStation,
Vanishing Point,PlayStation,
Vigilante 8,PlayStation,
Vigilante 8 2nd Offense,PlayStation,
Warzone 2100,PlayStation,
Wcw Backstage Assault,PlayStation,
Wild 9,PlayStation,
WCW/nWo Thunder,PlayStation,
WWF In Your House,PlayStation,
Xenogears,PlayStation,
X-Men: Mutant Academy,PlayStation,
007 Racing,PlayStation,
007 The World is Not Enough,PlayStation,
Army Men Sarge's Heroes 2,PlayStation 2,
Atv Off-Road Fury 4,PlayStation 2,
Capcom Classics Collection Vol. 2,PlayStation 2,
Capcom vs. SNK 2 Mark of The Millenium, Playstation 2,
Contra Shattered Soldier, PlayStation 2,
Crash Bandicoot: The Revenge of Cortex,PlayStation 2,
Crazy Taxi,PlayStation 2,
Destroy All Humans,PlayStation 2,
Dark Cloud 2, PlayStation2,
Dragonball Z Budokai,PlayStation 2,
Dragonball Z Budokai Tenkaichi,PlayStation 2
Dynasty Warriors 4,PlayStation 2,
Extermination,PlayStation 2,
Enter The Matrix,PlayStation 2,
EOE: Eve of Extinction,PlayStation 2,
Eternal Ring,PlayStation 2,
Evergrace ,PlayStation 2,
Extermination,PlayStation 2,
Fallout: Brotherhood of Steel,PlayStation 2,
Fatal Fury Battle Archives Vol. 1,PlayStation 2,
Front Mission 4,PlayStation 2,
Future Tactics: The Uprising,PlayStation 2,
Galerians Ash,PlayStation 2,
Gauntlet Dark Legacy,PlayStation 2,
Genji,PlayStation 2,
Grand Theft Auto San Andreas,PlayStation 2,
Grandia II,PlayStation 2,
Gungrave,PlayStation 2,
Ico,PlayStation 2,
Justice League Heroes,PlayStation 2,
Killer 7,PlayStation 2,
The King of Fighters 2006,PlayStation 2,
The King of Fighters IX,PlayStation 2,
Final Fantasy XIII,PlayStation 2,
The Getaway,PlayStation 2,
Gran Turismo 4,PlayStation 2,
Half Life,PlayStation 2,
Headhunter,PlayStation 2,
Heroes of Might & Magic: Quest for the Dragon Bone Staff,PlayStation 2,
Hitman 2: Silent Assassin,PlayStation 2,
Katamari Damacy,PlayStation 2,
L.A. RUSH,PlayStation 2,
Marvel vs. Capcom 2, PlayStation 2,
Maximo,PlayStation 2,
Max Payne,PlayStation 2,
Max Payne 2,PlayStation 2,
Medal of Honor Frontline,PlayStation 2,
Metal Gear Solid 3: Subsistence,PlayStation 2,
Mega Man X Collection,PlayStation 2,
Midway Arcade Treasures 2,PlayStation 2,
Midway Arcade Treasures 3,PlayStation 2,
MLB Slugfest 2006,PlayStation 2,
Mortal Kombat Deception,PlayStation 2,
Mortal Kombat Armageddon,PlayStation 2,
Oni,PlayStation 2,
Orphen: Scion of Sorcery,PlayStation 2,
Prince of Persia: The Sands of Time,PlayStation 2,
Pryzm: Chpt. 1: The Dark Unicorn,PlayStation 2,
Ratchet Deadlocked,PlayStation 2,
Resident Evil: Code Veronica,PlayStation 2,
Resident Evil 4,PlayStation 2,
Resident Evil Outbreak,PlayStation 2,
Ridge Racer V,PlayStation 2,
Ring of Red,PlayStation 2,
Risk: Global Domination,PlayStation 2,
Sega Genesis Collection,PlayStation 2,
The Simpsons Hit & Run,PlayStation 2,
Soul Calibur III,PlayStation 2,
Star Ocean: Til The End of Time,PlayStation 2,
Star Trek Encounters,PlayStation 2,
Star Wars Racer Revenge,PlayStation 2,
Street Fighter Anniversary Collection,PlayStation 2,
Street Fighter ex3,PlayStation 2,
Stuntman,PlayStation 2,
Suikoden III, PlayStation 2,
Summoner,PlayStation 2,
Syphon Filter: Logan's Shadow,PlayStation 2,
Syphon Filter: The Omega Strain,PlayStation 2,
Tekken 4,PlayStation 2,
Tekken 5,PlayStation 2,
Thirteen ¬•,PlayStation 2,
Tiger Woods PGA Tour '07,PlayStation 2,
Timesplitters,PlayStation 2,
Tokyo Extreme Racer Zero,PlayStation 2,
Twisted Metal Black,PlayStation 2,
Twisted Metal Head-On: Extra Twisted Edition,PlayStation 2,
Virtua Fighter 4 Evolution,PlayStation 2,
Warriors of Might & Magic,PlayStation 2,
Way of the Samuri, PlayStation 2,
We Love Katamari,PlayStation 2,
Wild Arms 3,PlayStation 2,
Winback: Cover Operation,PlayStation 2,
Xenosaga Ep I: Der Wille zur Macht,PlayStation 2,
Xenosaga Ep II: Jenseits von Gut und B√∂se,PlayStation 2,
Xenosaga Ep III: Also Sprach Zarathustra,PlayStation 2,
The X-Files: Resist or Serve,PlayStation 2,
Assassin's Creed,PlayStation 3,
Batman Arkham Origins,PlayStation 3,
Beyond: Two Souls,PlayStation 3,
Bioshock Infinite,PlayStation 3,
Dark Souls,PlayStation 3,
Disgaea 3: Absence of Justice,PlayStation 3,
Deus Ex Human Revolution,PlayStation 3,
Devil May Cry HD Collection,PlayStation 3,
DMC Devil May Cry,PlayStation 3,
Dragon Age Inquisition,PlayStation 3,
Enemy Territory: Quake Wars,PlayStation 3,
Final Fantasy XIII,PlayStation 3,
God Of War Saga,PlayStation 3,
Heavenly Sword,PlayStation 3,
Heavy Rain Directors Cut,PlayStation 3,
Hitman Absolution,PlayStation 3,
Ico & Shadow of the Colossus HD Collection ,PlayStation 3,
Infamous,PlayStation 3,
Infamous 2,PlayStation 3,
Killzone 3,PlayStation 3,
The Last of Us,PlayStation 3,
L.A. Noire,PlayStation 3,
Mass Effect 2,PlayStation 3,
Mass Effect 3,PlayStation 3,
Max Payne 3,PlayStation 3,
Metal Gear Solid IV,PlayStation 3,
Metal Gear Rising,PlayStation 3,
Mortal Kombat Komplete Ed.,PlayStation 3,
PlayStation All-Stars Battle Royale,PlayStation 3,
Resident Evil 6,PlayStation 3,
Resonance of Fate,PlayStation 3,
Skate,PlayStation 3,
Silent Hill Homecoming,PlayStation 3,
Smackdown Vs. Raw 2008,PlayStation 3,
Smackdown Vs. Raw 2009,PlayStation 3,
Smackdown Vs. Raw 2011,PlayStation 3,
South Park The Stick of Truth,PlayStation 3,
Star Ocean: The Last Hope International,PlayStation 3,
Star Wars The Force Unleashed ,PlayStation 3,
Tekken Hybrid CE,PlayStation 3,
Tekken 6,PlayStation 3,
Tony Hawk's Project 8,PlayStation 3,
Twisted Metal,PlayStation 3,
Uncharted Drakes Fortune,PlayStation 3,
Uncharted 2,PlayStation 3,
Unreal Tournament,PlayStation 3,
Worms The Revolution Collection,PlayStation 3,
Zone of the Enders HD Collection,PlayStation 3,
Batman: Arkham Knight,PlayStation 4,
Mass Effect Andromeda,PlayStation 4,
Deus Ex: Mankind Divided,PlayStation 4,
Final Fantasy XV,PlayStation 4,
Metal Gear Solid: The Phantom Pain,PlayStation 4,
Mortal Kombat X,PlayStation 4,
The Order 1886,PlayStation 4,
Thief,PlayStation 4,
Yakuza,PlayStation 4,
Arx Fatalis,XBOX,
auto modellista,XBOX,
Azurik Rise of Perathia,XBOX,
Batman Begins,XBOX,
Battlestar Galactica,XBOX,
The Bards Tale,XBOX,
Black,XBOX,
Blinx The Time Sweeper,XBOX,
Blood Omen 2,XBOX,
Burnout 2: Point of Impact DC,XBOX,
Breakdown,XBOX,
Broken Sword: The Sleeping Dragon,XBOX,
Capcom Fighting Evolution,XBOX,
Chronicles of Riddick Escape from Butcher Bay,XBOX,
Cold Fear,XBOX,
Cold War,XBOX,
Colin McCrae Rally,XBOX,
Conflict Desert Storm,XBOX,
Crash Nitro Kart,XBOX,
Crimson Skies,XBOX,
Curse: The Eye of Isis,XBOX,
Dave Mirra Freestyle BMX 2,XBOX,
Dead or Alive Ultimate,XBOX,
Dead or Alive 3,XBOX,
Dead or Alive Xtreme Beach Volleyball,XBOX,
Demon Stone,XBOX,
Deus Ex Invisible War,XBOX,
Doom 3,XBOX,
Doom 3 Resurrection of Evil,XBOX,
Driver Parallel Lines,XBOX,
Driv3r,XBOX,
Dr. Muto,XBOX,
The Elder Scrolls III: Morrowind GOTY,XBOX,
Fable,XBOX,
Fatal Frame,XBOX,
Fatal Frame II Directors Cut,XBOX,
Fight Club,XBOX,
Ghost Recon Island Thunder,XBOX,
Goldeneye Rogue Agent,XBOX,
Guilty Gear X2 The Reload,XBOX,
Gunvalkyrie,XBOX,
GTA 3,XBOX,
GTA Vice City,XBOX,
GTA Vice City rev 1,XBOX,
Halo: Combat Evolved,XBOX,
Halo 2,XBOX,
Halo 2: Multiplayer Map Pack,XBOX,
Headhunter Redemption,XBOX,
Hunter The Reckoning: Redeemer,XBOX,
Indigo Prophecy,XBOX,
Kabuki Warriors,XBOX,
Legacy of Kain: Defiance,XBOX,
Lord of the Rings The Fellowship of The Ring,XBOX,
Marvel Ultimate Alliance,XBOX,
Matrix Path of Neo,XBOX,
Max Payne 2,XBOX,
Mech Assault 2: Lone Wolf,XBOX,
Metal Arms Glitch in the System,XBOX,
MLB Slugfest Loaded,XBOX,
MotoGP 3,XBOX,
NBA Jam,XBOX,
NBA Street 3,XBOX,
Need For Speed Hot Pursuit 2,XBOX,
New Legends,XBOX,
NHL Hitz 2003,XBOX,
Nightcaster,XBOX,
Ninja Gaiden Black,XBOX,
Oddworld: Munch's Odyssey,XBOX,
Oddworld Stranger's Wraith,XBOX,
Outlaw Golf,XBOX,
OutRun 2,XBOX,
Phantom Dust,XBOX,
Project Snowblind,XBOX,
Red Dead Revolver,XBOX,
Return to Castle Wolfenstein: Tides of War,XBOX,
Sega Gt 2002/Jet Set Radio Future,XBOX,
Second Sight,XBOX,
Serious Sam 2,XBOX,
Shadow the Hedgehog,XBOX,
Shenmue II,XBOX,
Silent Hill 2,XBOX,
Sonic Heroes,XBOX,
Soul Calibur 2,XBOX,
Splinter Cell Pandora Tomorrow,XBOX,
Splinter Cell Chaos Theory,XBOX,
Stake: Fortune Fighters,XBOX,
Star Wars Battlefront,XBOX,
Star Wars Battlefront II,XBOX,
Star Wars Jedi Knight II,XBOX,
Star Wars Jedi Knight III Jedi Academy,XBOX,
Star Wars KOTOR,XBOX,
Star Wars KOTOR 2 The Sith Lords x2,XBOX,
Star Wars Starfighter SE,XBOX,
Stolen,XBOX,
Syberia,XBOX,
Syberia II,XBOX,
Tenchu The Rise od Darkness,XBOX,
The Thing,XBOX,
Timesplitters 3 Future Perfect,XBOX,
The Warriors,XBOX,
Tom Clancy Classic Trilogy,XBOX,
Tom Clancy Rainbow Six 3,XBOX,
Tony Hawk's Pro Skater 2x,XBOX,
Tony Hawk's Pro Skater 3,XBOX,
Tony Hawk's Pro Skater 4,XBOX,
True Crime Streets of L.A.,XBOX,
Whiplash,XBOX,
Wreckless The Yakuza Missions,XBOX,
X-Men Legends,XBOX,
X-Men Legends II: Rise of Apocalypse,XBOX,
007 Nighfire,XBOX,
Alan Wake,XBOX 360,
Batman Arkham City,XBOX 360,
Bioshock Ultimate Rapture Edition,XBOX 360,
Borderlands GOTY,XBOX 360,
Chromehound,XBOX 360,
Condemned: Criminal Origins ,XBOX 360,
Condemned 2: Bloodshot,XBOX 360,
Crysis 2,XBOX 360,
Darksiders II,XBOX 360,
darkSector ,XBOX 360,
Dead Rising,XBOX 360,
Dishonored,XBOX 360,
Divinity II Ego Draconis,XBOX 360,
Dragon Age Origins ,XBOX 360,
Duke Nukem Forever,XBOX 360,
Enchanted Arms,XBOX 360,
Fallout 3 DLC,XBOX 360,
Fallout New Vegas GOTY,XBOX 360,
F.E.A.R.,XBOX 360,
F.E.A.R. Files,XBOX 360,
F.E.A.R. 2,XBOX 360,
F.E.A.R. 3,XBOX 360,
The Godfather II,XBOX 360,
Halo 3,XBOX 360,
Halo 3 ODST,XBOX 360,
HALO 4,XBOX 360,
Halo Reach,XBOX 360,
The Last Remnant,XBOX 360,
Left for Dead,XBOX 360,
Left For Dead 2,XBOX 360,
Lost Odyssey,XBOX 360,
Lost Planet Colonies Ed.,XBOX 360,
LOST Via Domus,XBOX 360,
Mass Effect,XBOX 360,
Metal Gear Solid HD Collection,XBOX 360,
Metal Gear Solid V: Ground Zeros,XBOX 360,
Minecraft ,XBOX 360,
Mirrors Edge,XBOX 360,
The Orange Box,XBOX 360,
Perfect Dark Zero,XBOX 360,
Prey,XBOX 360,
Red Dead Redemption GOTY,XBOX 360,
Resident Evil Operation Raccoon City,XBOX 360,
Ridge Racer 6,XBOX 360,
Saints Row,XBOX 360,
Saints Row 2,XBOX 360,
Saints Row The Third,XBOX 360,
Skate 3,XBOX 360,
Skyrim,XBOX 360,
Skyrim GOTY,XBOX 360,
Sonic's Ultimate Genesis Collection,XBOX 360,
Soul Calibur IV,XBOX 360,
Splinter Cell: Double Agent,XBOX 360,
Splinter Cell Conviction,XBOX 360,
Star Wars the Force Unleashed II,XBOX 360,
Super Street Fighter IV,XBOX 360,
Too Human,XBOX 360,
Two Worlds II,XBOX 360,
Virtua Fighter 5 Online,XBOX 360,
The Witcher 2 Assassins of Kings Enhanced Ed.,XBOX 360,
Wolfenstein,XBOX 360,
Age of Empires II: Gold Edition,PC,
Blade Runner,PC,
Deus Ex GOTY,PC,
Under A Killing Moon,PC,
Sim City 3000 Unlimited,PC,
Star Craft,PC,
Star Wars Jedi Knight Dark Forces,PC,
Star Wars Jedi Knight II,PC,
Star Wars Jedi Academy,PC,
